lei,name,country_code,n_filings,first_period_end,last_period_end,source,built_at
2138007MZQWFJBPCXA35,OLIDATA S.P.A.,it,2,2024-12-31,2025-12-31,filings.xbrl.org,2026-09-05T23:33:40.888384+00:00
213800V41GEZTRIJT462,BIALETTI INDUSTRIE S.P.A.,it,4,2021-12-31,2024-12-31,filings.xbrl.org,2026-09-05T23:33:40.888384+00:00
213800VELZNZPB4AAD87,ITWAY S.P.A.,it,4,2021-12-31,2024-12-31,filings.xbrl.org,2026-09-05T23:33:40.888384+00:00
2221005IWV4R4EP4D553,D'AMICO INTERNATIONAL SHIPPING S.A.,it,3,2022-12-31,2024-12-31,filings.xbrl.org,2026-09-05T23:33:40.888384+00:00
2W8N8UU78PMDQKZENC08,INTESA SANPAOLO SPA,it,4,2021-12-31,2022-12-31,filings.xbrl.org,2026-09-05T23:33:40.888384+00:00
391200MBZQNPFHIVKO34,BB Biotech AG,it,3,2021-12-31,2022-12-31,filings.xbrl.org,2026-09-05T23:33:40.888384+00:00
5299003D9N2698I3C257,AUTOGRILL S.P.A.,it,2,2021-12-31,2022-12-31,filings.xbrl.org,2026-09-05T23:33:40.888384+00:00
5299003DX5YLKSVJ6K59,BUZZI SPA,it,4,2021-12-31,2024-12-31,filings.xbrl.org,2026-09-05T23:33:40.888384+00:00
5299005KJSU2AQUJUH84,SARAS S.P.A. O IN FORMA ESTESA SARAS S.P.A. - RAFFINERIE SARDE,it,3,2021-12-31,2023-12-31,filings.xbrl.org,2026-09-05T23:33:40.888384+00:00
529900WS2E20BA5J4L49,EDISON S.P.A.,it,3,2021-12-31,2024-12-31,filings.xbrl.org,2026-09-05T23:33:40.888384+00:00
529900X0H1IO3RS1A464,PRYSMIAN S.P.A.,it,4,2022-12-31,2024-12-31,filings.xbrl.org,2026-09-05T23:33:40.888384+00:00
529900X4EEX1U9LN3U39,LEONARDO - SOCIETA' PER AZIONI,it,8,2021-12-31,2024-12-31,filings.xbrl.org,2026-09-05T23:33:40.888384+00:00
529900XU5693SRXKDO71,Prysmian Group North Europe AB,it,2,2021-12-31,2021-12-31,filings.xbrl.org,2026-09-05T23:33:40.888384+00:00
5493000P70CQRQG8SN85,NEXI SPA,it,8,2021-12-31,2024-12-31,filings.xbrl.org,2026-09-05T23:33:40.888384+00:00
5493003CX2RZ0FOBH256,BRUNELLO CUCINELLI S.P.A.,it,5,2021-12-31,2025-12-31,filings.xbrl.org,2026-09-05T23:33:40.888384+00:00
5493003VOSQJSPCM0T38,CIR S.P.A. - COMPAGNIE INDUSTRIALI RIUNITE,it,3,2021-12-31,2024-12-31,filings.xbrl.org,2026-09-05T23:33:40.888384+00:00
5493005GRP0FEE3NRI35,SALVATORE FERRAGAMO S.P.A.,it,5,2021-12-31,2024-12-31,filings.xbrl.org,2026-09-05T23:33:40.888384+00:00
5493005HPJ40IY377O47,SOGEFI S.P.A.,it,5,2021-12-31,2025-12-31,filings.xbrl.org,2026-09-05T23:33:40.888384+00:00
549300BLWVJN2BAT0A44,BREMBO N.V.,it,7,2021-12-31,2025-12-31,filings.xbrl.org,2026-09-05T23:33:40.888384+00:00
549300L7YCATGO57ZE10,FINECOBANK BANCA FINECO S.P.A.,it,5,2021-12-31,2025-12-31,filings.xbrl.org,2026-09-05T23:33:40.888384+00:00
549300O7SBDSNG4IB582,IRCE S.P.A,it,5,2021-12-31,2025-12-31,filings.xbrl.org,2026-09-05T23:33:40.888384+00:00
549300PHV8MBDHWB8X12,Saipem S.P.A.,it,2,2021-12-31,2022-12-31,filings.xbrl.org,2026-09-05T23:33:40.888384+00:00
549300Q3448N041CTH56,ACEA S.P.A.,it,4,2022-12-31,2025-12-31,filings.xbrl.org,2026-09-05T23:33:40.888384+00:00
549300R72LKEGT4EX026,LOTTOMATICA GROUP S.P.A.,it,6,2023-12-31,2025-12-31,filings.xbrl.org,2026-09-05T23:33:40.888384+00:00
549300T1EREIRH8ICX03,ANIMA HOLDING S.P.A.,it,3,2021-12-31,2025-12-31,filings.xbrl.org,2026-09-05T23:33:40.888384+00:00
549300TRUWO2CD2G5692,"UNICREDIT, SOCIETA' PER AZIONI",it,10,2021-12-31,2024-12-31,filings.xbrl.org,2026-09-05T23:33:40.888384+00:00
549300UKR289DF4UXQ47,WEBUILD S.P.A.,it,4,2021-12-31,2025-12-31,filings.xbrl.org,2026-09-05T23:33:40.888384+00:00
549300W384M3RI3VXU42,TELECOM ITALIA SPA O TIM S.P.A.,it,3,2021-12-31,2025-12-31,filings.xbrl.org,2026-09-05T23:33:40.888384+00:00
549300X5UKJVE386ZB61,ASSICURAZIONI GENERALI SOCIETA' PER AZIONI,it,4,2021-12-31,2025-12-31,filings.xbrl.org,2026-09-05T23:33:40.888384+00:00
549300Y7C05BKC4HZB40,TENARIS S.A.,it,5,2021-12-31,2025-05-06,filings.xbrl.org,2026-09-05T23:33:40.888384+00:00
7LVZJ6XRIE7VNZ4UBX81,BANCA MEDIOLANUM SPA,it,5,2021-12-31,2025-12-31,filings.xbrl.org,2026-09-05T23:33:40.888384+00:00
81560001692D0424C949,SOMEC SPA,it,4,2022-12-31,2025-12-31,filings.xbrl.org,2026-09-05T23:33:40.888384+00:00
8156000256C2431C2E92,PIAGGIO & C. S.P.A.,it,2,2024-12-31,2025-12-31,filings.xbrl.org,2026-09-05T23:33:40.888384+00:00
815600049A1F9AFE6666,ARNOLDO MONDADORI EDITORE SPA,it,2,2024-12-31,2025-12-31,filings.xbrl.org,2026-09-05T23:33:40.888384+00:00
81560005C031D4E76707,SESA S.P.A.,it,2,2022-04-30,2022-04-30,filings.xbrl.org,2026-09-05T23:33:40.888384+00:00
81560009D520343E0A68,SIT S.P.A.,it,4,2021-12-31,2025-12-31,filings.xbrl.org,2026-09-05T23:33:40.888384+00:00
81560009EA1577917768,PHILOGEN S.P.A.,it,2,2024-12-31,2025-12-31,filings.xbrl.org,2026-09-05T23:33:40.888384+00:00
8156000B22320A2F5365,BEGHELLI S.P.A.,it,2,2022-12-31,2023-12-31,filings.xbrl.org,2026-09-05T23:33:40.888384+00:00
8156000BA1E707067579,CAIRO COMMUNICATION S.P.A.,it,7,2021-12-31,2024-12-31,filings.xbrl.org,2026-09-05T23:33:40.888384+00:00
8156000DFBA84513F952,ALKEMY S.P.A.,it,3,2021-12-31,2024-12-31,filings.xbrl.org,2026-09-05T23:33:40.888384+00:00
8156000E09A52C4F8A38,DE' LONGHI S.P.A.,it,4,2024-12-31,2025-12-31,filings.xbrl.org,2026-09-05T23:33:40.888384+00:00
815600110244AC18B089,CALTAGIRONE SOCIETA' PER AZIONI,it,3,2021-12-31,2024-12-31,filings.xbrl.org,2026-09-05T23:33:40.888384+00:00
815600115DA6E507AE33,CAREL INDUSTRIES S.P.A.,it,5,2021-12-31,2025-12-31,filings.xbrl.org,2026-09-05T23:33:40.888384+00:00
81560012F663E89E7085,EL.EN. - S.P.A.,it,5,2021-12-31,2025-12-31,filings.xbrl.org,2026-09-05T23:33:40.888384+00:00
81560013C60D757C6523,GREENTHESIS S.P.A.,it,3,2021-12-31,2023-12-31,filings.xbrl.org,2026-09-05T23:33:40.888384+00:00
81560013EACB40B52D17,GVS S.P.A.,it,7,2021-12-31,2025-12-31,filings.xbrl.org,2026-09-05T23:33:40.888384+00:00
81560015D3D3E34A6B66,DEA CAPITAL SPA,it,1,2021-12-31,2021-12-31,filings.xbrl.org,2026-09-05T23:33:40.888384+00:00
81560017CF8066680595,TAMBURI INVESTMENT PARTNERS S.P.A. IN VIA BREVE T.I.P. S.P.A. OV VERO TIP S.P.A.,it,2,2024-12-31,2025-12-31,filings.xbrl.org,2026-09-05T23:33:40.888384+00:00
8156001895E0F4E7A803,ORSERO S.P.A.,it,4,2021-12-31,2024-12-31,filings.xbrl.org,2026-09-05T23:33:40.888384+00:00
8156001A772766DCAA71,OVS SPA,it,4,2022-01-31,2025-01-31,filings.xbrl.org,2026-09-05T23:33:40.888384+00:00
8156001EBD33FD474E60,IREN S.P.A.,it,2,2024-12-31,2025-12-31,filings.xbrl.org,2026-09-05T23:33:40.888384+00:00
8156001F4745B0CB0760,ZEST SOCIETA' PER AZIONI,it,2,2024-12-31,2025-12-31,filings.xbrl.org,2026-09-05T23:33:40.888384+00:00
8156002278562044AF79,SNAM S.P.A.,it,7,2021-12-31,2024-12-31,filings.xbrl.org,2026-09-05T23:33:40.888384+00:00
81560022EE962F731A95,CLASS EDITORI S.P.A.,it,3,2021-12-31,2024-12-31,filings.xbrl.org,2026-09-05T23:33:40.888384+00:00
815600251190FB2E7172,ITALIAN WINE BRANDS S.P.A. O IN FORMA ABBREVIATA IWB SPA,it,2,2021-12-31,2024-12-31,filings.xbrl.org,2026-09-05T23:33:40.888384+00:00
81560025690EF8540635,AZIMUT HOLDING S.P.A.,it,5,2021-12-31,2025-12-31,filings.xbrl.org,2026-09-05T23:33:40.888384+00:00
81560026D234790EB288,BANCO DI DESIO E DELLA BRIANZA SOCIETA' PER AZIONI,it,2,2024-12-31,2025-12-31,filings.xbrl.org,2026-09-05T23:33:40.888384+00:00
81560026FA1A26642782,SAFILO GROUP S.P.A.,it,6,2023-12-31,2025-12-31,filings.xbrl.org,2026-09-05T23:33:40.888384+00:00
81560026FB4FD48C6110,FIERA MILANO S.P.A.,it,6,2021-12-31,2024-12-31,filings.xbrl.org,2026-09-05T23:33:40.888384+00:00
81560028375CEF68C972,"EXPRIVIA S.P.A. IN FORMA ALTERNATIVA: AIS S.P.A., AISOFTW@RE S.P. A., ARTIFICIAL INTELLIGENCE SOFTWARE S.P.A.",it,5,2021-12-31,2023-12-31,filings.xbrl.org,2026-09-05T23:33:40.888384+00:00
8156002878BDF0EE4348,DIASORIN S.P.A.,it,4,2021-12-31,2025-12-31,filings.xbrl.org,2026-09-05T23:33:40.888384+00:00
81560029E2CE4D14F425,"""CASSA DEPOSITI E PRESTITI SOCIETA' PER AZIONI"" (DENOMINATA ANCHE : ""CDP S.P.A.)",it,6,2023-12-31,2025-12-31,filings.xbrl.org,2026-09-05T23:33:40.888384+00:00
8156002B06C3A4C0F436,ENERVIT S.P.A.,it,4,2021-12-31,2025-12-31,filings.xbrl.org,2026-09-05T23:33:40.888384+00:00
8156002BC7CB6E3BD403,PIERREL S.P.A.,it,1,2021-12-31,2021-12-31,filings.xbrl.org,2026-09-05T23:33:40.888384+00:00
8156002CEF151B2FAE86,MONDO TV S.P.A.,it,3,2021-12-31,2024-12-31,filings.xbrl.org,2026-09-05T23:33:40.888384+00:00
8156002ED0F23DC0D147,"""RATTI S.P.A. SOCIETA' BENEFIT"" O IN FORMA ABBREVIATA ""RATTI S.P.A. SB""",it,3,2021-12-31,2023-12-31,filings.xbrl.org,2026-09-05T23:33:40.888384+00:00
8156002FE7E41A35C731,BE SHAPING THE FUTURE S.P.A.,it,1,2021-12-31,2021-12-31,filings.xbrl.org,2026-09-05T23:33:40.888384+00:00
8156002FF3087F1D0E94,INDEL B S.P.A.,it,4,2022-12-31,2025-12-31,filings.xbrl.org,2026-09-05T23:33:40.888384+00:00
815600320CCB55749A30,GPI S.P.A.,it,3,2022-12-31,2024-12-31,filings.xbrl.org,2026-09-05T23:33:40.888384+00:00
815600354DEDBD0BA991,POSTE ITALIANE - SOCIETA' PER AZIONI,it,7,2021-12-31,2024-12-31,filings.xbrl.org,2026-09-05T23:33:40.888384+00:00
81560035783FD9E2E641,SAES GETTERS S.P.A.,it,1,2023-12-31,2023-12-31,filings.xbrl.org,2026-09-05T23:33:40.888384+00:00
81560036DCCA48CA0F08,S.S. LAZIO - S.P.A.,it,3,2024-06-30,2025-06-30,filings.xbrl.org,2026-09-05T23:33:40.888384+00:00
81560036F9C346EA6D15,MET.EXTRA GROUP S.P.A.,it,1,2024-12-31,2024-12-31,filings.xbrl.org,2026-09-05T23:33:40.888384+00:00
81560039520A59BAAB20,SERI INDUSTRIAL S.P.A.,it,2,2024-12-31,2025-12-31,filings.xbrl.org,2026-09-05T23:33:40.888384+00:00
8156004110BB8D445B46,BRIOSCHI SVILUPPO IMMOBILIARE S.P.A.,it,3,2021-12-31,2025-12-31,filings.xbrl.org,2026-09-05T23:33:40.888384+00:00
81560042E27150979C13,UNIDATA S.P.A.,it,2,2023-12-31,2024-12-31,filings.xbrl.org,2026-09-05T23:33:40.888384+00:00
81560044F0823D572303,TXT E-SOLUTIONS S.P.A.,it,3,2021-12-31,2023-12-31,filings.xbrl.org,2026-09-05T23:33:40.888384+00:00
8156004604684CA44A90,ERG S.P.A.,it,4,2021-12-31,2024-12-31,filings.xbrl.org,2026-09-05T23:33:40.888384+00:00
815600466855546A2E98,COIMA RES SOCIETA' PER AZIONI O IN FORMA ABBREVIATA COIMA RES S.P.A.,it,2,2021-12-31,2021-12-31,filings.xbrl.org,2026-09-05T23:33:40.888384+00:00
81560048ECF8D2059980,ENAV S.P.A.,it,5,2021-12-31,2025-12-31,filings.xbrl.org,2026-09-05T23:33:40.888384+00:00
8156004B244AA70DE787,CREDITO EMILIANO S.P.A. ABBREVIABILE IN CREDEMBANCA E IN CREDEM,it,5,2022-12-31,2025-12-31,filings.xbrl.org,2026-09-05T23:33:40.888384+00:00
8156004C3711C92F7648,INTERCOS S.P.A.,it,2,2024-12-31,2025-12-31,filings.xbrl.org,2026-09-05T23:33:40.888384+00:00
8156004CC118B7885065,AEROPORTO GUGLIELMO MARCONI DI BOLOGNA S.P.A.,it,2,2024-12-31,2025-12-31,filings.xbrl.org,2026-09-05T23:33:40.888384+00:00
8156004D03EAA217DB61,PRIMA INDUSTRIE - S.P.A.,it,1,2021-12-31,2021-12-31,filings.xbrl.org,2026-09-05T23:33:40.888384+00:00
8156004E40D6A02C5046,"""MOLTIPLY GROUP S.P.A."", OVVERO, IN BREVE, ""MOL GROUP S.P.A."" O ANCHE ""GRUPPO MOL S.P.A.""",it,10,2021-12-31,2025-12-31,filings.xbrl.org,2026-09-05T23:33:40.888384+00:00
8156004FC8565D73AE78,EUROGROUP LAMINATIONS S.P.A.,it,3,2023-12-31,2025-12-31,filings.xbrl.org,2026-09-05T23:33:40.888384+00:00
815600511D7D0F6A5955,NEWLAT FOOD S.P.A.,it,3,2021-12-31,2024-12-31,filings.xbrl.org,2026-09-05T23:33:40.888384+00:00
815600522538355AE429,BFF BANK S.P.A.,it,4,2022-12-31,2025-12-31,filings.xbrl.org,2026-09-05T23:33:40.888384+00:00
81560052ACB913425086,VINCENZO ZUCCHI - SOCIETA' PER AZIONI,it,3,2021-12-31,2023-12-31,filings.xbrl.org,2026-09-05T23:33:40.888384+00:00
8156005420362AE59184,BANCA IFIS S.P.A.,it,5,2021-12-31,2023-12-31,filings.xbrl.org,2026-09-05T23:33:40.888384+00:00
81560054B48979390098,VIANINI SOCIETA' PER AZIONI,it,3,2021-12-31,2023-12-31,filings.xbrl.org,2026-09-05T23:33:40.888384+00:00
815600583BE5BC67EB82,UNIEURO S.P.A.,it,1,2022-02-28,2022-02-28,filings.xbrl.org,2026-09-05T23:33:40.888384+00:00
8156005BDF49128B6239,FINCANTIERI S.P.A.,it,5,2021-12-31,2025-12-31,filings.xbrl.org,2026-09-05T23:33:40.888384+00:00
8156005CE5E7340CCA86,UNIPOL ASSICURAZIONI S.P.A.,it,8,2021-12-31,2025-12-31,filings.xbrl.org,2026-09-05T23:33:40.888384+00:00
8156005CF920F2A40C13,IL SOLE 24 ORE S.P.A.,it,3,2022-12-31,2024-12-31,filings.xbrl.org,2026-09-05T23:33:40.888384+00:00
8156005D6ADE56371580,MITTEL S.P.A.,it,3,2021-12-31,2023-12-31,filings.xbrl.org,2026-09-05T23:33:40.888384+00:00
8156005DBE6CA468DD09,TOSCANA AEROPORTI S.P.A.,it,5,2021-12-31,2025-12-31,filings.xbrl.org,2026-09-05T23:33:40.888384+00:00
8156005DEB4D90F3E360,CY4GATE S.P.A.,it,2,2024-12-31,2025-12-31,filings.xbrl.org,2026-09-05T23:33:40.888384+00:00
8156005E235E751B6662,NEODECORTECH S.P.A.,it,3,2023-12-31,2025-12-31,filings.xbrl.org,2026-09-05T23:33:40.888384+00:00
81560064085A02B2B297,MEDIOCREDITO CENTRALE - BANCA DEL MEZZOGIORNO S.P.A.,it,2,2024-12-31,2025-12-31,filings.xbrl.org,2026-09-05T23:33:40.888384+00:00
81560066183FE361C071,"INFRASTRUTTURE WIRELESS ITALIANE S.P.A. O, IN FORMA ABBREVIATA, INWIT S.P.A.",it,3,2023-12-31,2025-12-31,filings.xbrl.org,2026-09-05T23:33:40.888384+00:00
81560069517A53E0F607,EEMS ITALIA SPA,it,4,2022-12-31,2024-12-31,filings.xbrl.org,2026-09-05T23:33:40.888384+00:00
81560069957E4ACDD336,TESMEC SPA,it,5,2021-12-31,2025-12-31,filings.xbrl.org,2026-09-05T23:33:40.888384+00:00
8156006C71E895860132,SANLORENZO S.P.A. IN SIGLA SL S.P.A.,it,2,2021-12-31,2022-12-31,filings.xbrl.org,2026-09-05T23:33:40.888384+00:00
8156006CA80A76A7B556,"VALSOIA S.P.A. (IN FORMA ESTESA ""VALSOIA - BONTA' E SALUTE - S.P.A."" O IN SIGLA ANCHE ""V.B.S. S.P.A."")",it,1,2025-12-31,2025-12-31,filings.xbrl.org,2026-09-05T23:33:40.888384+00:00
81560070BFE803A30458,RISANAMENTO SPA,it,5,2021-12-31,2024-12-31,filings.xbrl.org,2026-09-05T23:33:40.888384+00:00
8156007154CD8334D053,TECHNOPROBE S.P.A.,it,3,2023-12-31,2025-12-31,filings.xbrl.org,2026-09-05T23:33:40.888384+00:00
8156007367A2044B7685,PIOVAN S.P.A.,it,4,2021-12-31,2024-12-31,filings.xbrl.org,2026-09-05T23:33:40.888384+00:00
81560073B19D33D7DD18,B&C SPEAKERS S.P.A.,it,2,2024-12-31,2025-12-31,filings.xbrl.org,2026-09-05T23:33:40.888384+00:00
81560076BBCFC45A0964,ABITARE IN S.P.A.,it,4,2022-09-30,2025-09-30,filings.xbrl.org,2026-09-05T23:33:40.888384+00:00
8156007833AB49068789,THE ITALIAN SEA GROUP S.P.A.,it,4,2021-12-31,2024-12-31,filings.xbrl.org,2026-09-05T23:33:40.888384+00:00
8156007AF7DB5FE05555,DOVALUE S.P.A.,it,6,2021-12-31,2023-12-31,filings.xbrl.org,2026-09-05T23:33:40.888384+00:00
8156007BF621CA1B1630,CALEFFI - S.P.A.,it,2,2021-12-31,2022-12-31,filings.xbrl.org,2026-09-05T23:33:40.888384+00:00
8156007E3375956ADD08,ESPRINET S.P.A.,it,8,2021-12-31,2025-12-31,filings.xbrl.org,2026-09-05T23:33:40.888384+00:00
815600807B866042D307,ANTARES VISION S.P.A.,it,6,2021-12-31,2024-12-31,filings.xbrl.org,2026-09-05T23:33:40.888384+00:00
815600835712F7BA2869,"""BANCA FINNAT EURAMERICA S.P.A."" E, IN FORMA ABBREVIATA ""BANCA FINNAT S.P.A."" O ANCHE ""BANCA EURAMERICA S.P.A.""",it,2,2021-12-31,2021-12-31,filings.xbrl.org,2026-09-05T23:33:40.888384+00:00
815600857F45E3102897,"""LA DORIA"" - S.P.A.",it,1,2021-12-31,2021-12-31,filings.xbrl.org,2026-09-05T23:33:40.888384+00:00
8156008B5A6D3D9AF935,MONRIF S.P.A.,it,3,2021-12-31,2024-12-31,filings.xbrl.org,2026-09-05T23:33:40.888384+00:00
8156008B8E5062681624,CELLULARLINE S.P.A.,it,4,2021-12-31,2025-12-31,filings.xbrl.org,2026-09-05T23:33:40.888384+00:00
8156008BFBC06F53DD56,CEMBRE S.P.A.,it,5,2021-12-31,2025-12-31,filings.xbrl.org,2026-09-05T23:33:40.888384+00:00
8156008C44408AB6D716,SECO S.P.A.,it,2,2021-12-31,2025-12-31,filings.xbrl.org,2026-09-05T23:33:40.888384+00:00
8156008D2857B5A0B033,BORGOSESIA S.P.A.,it,3,2021-12-31,2024-12-31,filings.xbrl.org,2026-09-05T23:33:40.888384+00:00
8156008E82BF2BFE0A35,BASIC NET S.P.A.,it,4,2022-12-31,2025-12-31,filings.xbrl.org,2026-09-05T23:33:40.888384+00:00
8156008F25C4B0E7C860,AVIO S.P.A.,it,6,2021-12-31,2025-12-31,filings.xbrl.org,2026-09-05T23:33:40.888384+00:00
81560090173FFC67B069,ALERION CLEAN POWER S.P.A. IN FORMA ABBREVIATA ALERION S.P.A.,it,5,2021-12-31,2025-12-31,filings.xbrl.org,2026-09-05T23:33:40.888384+00:00
815600903231FA2E7698,BANCA GENERALI - SOCIETA' PER AZIONI O IN FORMA ABBREVIATA: GENERBANCA,it,5,2021-12-31,2025-12-31,filings.xbrl.org,2026-09-05T23:33:40.888384+00:00
8156009111DEE8553765,"""FINE FOODS & PHARMACEUTICALS N.T.M. S.P.A.""",it,5,2022-12-31,2025-12-31,filings.xbrl.org,2026-09-05T23:33:40.888384+00:00
815600925CD848EDBA96,TINEXTA S.P.A.,it,5,2021-12-31,2024-12-31,filings.xbrl.org,2026-09-05T23:33:40.888384+00:00
815600933B80FBBBD242,CIVITANAVI SYSTEMS SPA,it,1,2023-12-31,2023-12-31,filings.xbrl.org,2026-09-05T23:33:40.888384+00:00
8156009414FD99443B48,HERA S.P.A.,it,7,2021-12-31,2025-12-31,filings.xbrl.org,2026-09-05T23:33:40.888384+00:00
81560094A389646CAF21,F.I.L.A - FABBRICA ITALIANA LAPIS ED AFFINI - SOCIETA' PER AZIONI SIGLABILE IN FORMA F.I.L.A. S.P.A. O IN FORMA ABBREVIATA CON LA DICITUARA ANTICIPATA DAL SIMBOLO DEL GIGLIO STILIZZATO,it,4,2021-12-31,2025-12-31,filings.xbrl.org,2026-09-05T23:33:40.888384+00:00
81560094D50B119C1486,OPENJOBMETIS SPA AGENZIA PER IL LAVORO,it,3,2021-12-31,2023-12-31,filings.xbrl.org,2026-09-05T23:33:40.888384+00:00
81560096A9AEBBBD4B25,SOL S.P.A.,it,4,2021-12-31,2024-12-31,filings.xbrl.org,2026-09-05T23:33:40.888384+00:00
81560096E0DA76818C96,AEFFE S.P.A.,it,4,2021-12-31,2024-12-31,filings.xbrl.org,2026-09-05T23:33:40.888384+00:00
81560096F26ACF910809,DIGITAL VALUE S.P.A.,it,1,2023-12-31,2023-12-31,filings.xbrl.org,2026-09-05T23:33:40.888384+00:00
81560097DD19407C3F80,RENANTIS S.P.A.,it,2,2021-12-31,2021-12-31,filings.xbrl.org,2026-09-05T23:33:40.888384+00:00
8156009C6B018FE67A34,DEXELANCE S.P.A.,it,2,2023-12-31,2024-12-31,filings.xbrl.org,2026-09-05T23:33:40.888384+00:00
8156009E94ED54DE7C31,"""TERNA - RETE ELETTRICA NAZIONALE SOCIETA' PER AZIONI"" (IN FORMA ABBREVIATA ""TERNA S.P.A."")",it,8,2021-12-31,2024-12-31,filings.xbrl.org,2026-09-05T23:33:40.888384+00:00
8156009F95C37526C483,BASTOGI S.P.A.,it,5,2021-12-31,2025-12-31,filings.xbrl.org,2026-09-05T23:33:40.888384+00:00
815600A029117B20DD63,"ILLIMITY BANK S.P.A. IN FORMA ABBREVIATA ""ILLIMITY S.P.A.""",it,5,2021-12-31,2025-12-31,filings.xbrl.org,2026-09-05T23:33:40.888384+00:00
815600A033443037ED66,DATALOGIC S.P.A.,it,5,2021-12-31,2024-12-31,filings.xbrl.org,2026-09-05T23:33:40.888384+00:00
815600A0C9AFC1F2A709,PIRELLI & C. S.P.A.,it,5,2021-12-31,2025-12-31,filings.xbrl.org,2026-09-05T23:33:40.888384+00:00
815600A253A0AF58C166,JUVENTUS F.C. - S.P.A. O JUVENTUS FOOTBALL CLUB S.P.A.,it,5,2022-06-30,2025-06-30,filings.xbrl.org,2026-09-05T23:33:40.888384+00:00
815600A9C09D82FF2B66,"""EMAK S.P.A.""",it,4,2021-12-31,2024-12-31,filings.xbrl.org,2026-09-05T23:33:40.888384+00:00
815600AA4525479C8138,GEOX S.P.A.,it,4,2022-12-31,2025-12-31,filings.xbrl.org,2026-09-05T23:33:40.888384+00:00
815600AB2BDB42BC0E81,WIIT S.P.A.,it,5,2021-12-31,2025-12-31,filings.xbrl.org,2026-09-05T23:33:40.888384+00:00
815600AB6FA8AADC8739,FNM S.P.A.,it,4,2021-12-31,2024-12-31,filings.xbrl.org,2026-09-05T23:33:40.888384+00:00
815600ABFF26D15A4920,ASCOPIAVE S.P.A.,it,5,2021-12-31,2024-12-31,filings.xbrl.org,2026-09-05T23:33:40.888384+00:00
815600B283DC6683D832,EUROTECH S.P.A.,it,4,2021-12-31,2025-12-31,filings.xbrl.org,2026-09-05T23:33:40.888384+00:00
815600B52696027B9056,PLC S.P.A.,it,4,2021-12-31,2024-12-31,filings.xbrl.org,2026-09-05T23:33:40.888384+00:00
815600B5C61A10BBB451,BANCA SISTEMA S.P.A.,it,1,2024-12-31,2024-12-31,filings.xbrl.org,2026-09-05T23:33:40.888384+00:00
815600B5D89DAB660021,IMMSI S.P.A.,it,5,2021-12-31,2025-12-31,filings.xbrl.org,2026-09-05T23:33:40.888384+00:00
815600B6FCC29FEC5087,GEQUITY S.P.A.,it,1,2021-12-31,2021-12-31,filings.xbrl.org,2026-09-05T23:33:40.888384+00:00
815600B7FD80E48C1896,A2A ENERGIA S.P.A.,it,12,2021-12-31,2025-12-31,filings.xbrl.org,2026-09-05T23:33:40.888384+00:00
815600B9149F66E77F76,TECHNOGYM S.P.A.,it,6,2021-12-31,2024-12-31,filings.xbrl.org,2026-09-05T23:33:40.888384+00:00
815600BACF507EC30687,AEDES SOCIETA' ANONIMA LIGURE PER IMPRESE E COSTRUZIONI PER AZION I,it,3,2022-12-31,2024-12-31,filings.xbrl.org,2026-09-05T23:33:40.888384+00:00
815600BEB2A5426B0084,COMER INDUSTRIES S.P.A.,it,2,2023-12-31,2024-12-31,filings.xbrl.org,2026-09-05T23:33:40.888384+00:00
815600BF2EA41687F764,"REVO INSURANCE S.P.A., IN BREVE REVO S.P.A.",it,2,2024-12-31,2025-12-31,filings.xbrl.org,2026-09-05T23:33:40.888384+00:00
815600C194D5A5391443,COMPAGNIA IMMOBILIARE AZIONARIA S.P.A.,it,2,2021-12-31,2023-12-31,filings.xbrl.org,2026-09-05T23:33:40.888384+00:00
815600C36B3D0988AB30,AQUAFIL S.P.A.,it,7,2021-12-31,2025-12-31,filings.xbrl.org,2026-09-05T23:33:40.888384+00:00
815600C3BB196D235455,I GRANDI VIAGGI S.P.A.,it,2,2022-10-31,2024-10-31,filings.xbrl.org,2026-09-05T23:33:40.888384+00:00
815600C41423BF4CC386,BIESSE S.P.A.,it,2,2024-12-31,2025-12-31,filings.xbrl.org,2026-09-05T23:33:40.888384+00:00
815600C51E545058C757,GABETTI PROPERTY SOLUTIONS S.P.A.,it,5,2021-12-31,2025-12-31,filings.xbrl.org,2026-09-05T23:33:40.888384+00:00
815600C52EB6EBC14590,KME GROUP S.P.A.,it,3,2021-12-31,2024-12-31,filings.xbrl.org,2026-09-05T23:33:40.888384+00:00
815600C79D0F31F4D395,"""INTERPUMP GROUP S.P.A.""",it,4,2022-12-31,2025-12-31,filings.xbrl.org,2026-09-05T23:33:40.888384+00:00
815600C851C90CAE6438,GAROFALO HEALTH CARE S.P.A.,it,6,2021-12-31,2025-12-31,filings.xbrl.org,2026-09-05T23:33:40.888384+00:00
815600C8A87E9162B043,LANDI RENZO S.P.A.,it,2,2021-12-31,2022-12-31,filings.xbrl.org,2026-09-05T23:33:40.888384+00:00
815600C8F6D5ACBA9F86,SERVIZI ITALIA S.P.A.,it,3,2021-12-31,2023-12-31,filings.xbrl.org,2026-09-05T23:33:40.888384+00:00
815600CC86D25A205563,Ariston Holding N.V.,it,4,2021-12-31,2025-12-31,filings.xbrl.org,2026-09-05T23:33:40.888384+00:00
815600CD933CB2F89862,INDUSTRIE DE NORA S.P.A.,it,3,2022-12-31,2025-12-31,filings.xbrl.org,2026-09-05T23:33:40.888384+00:00
815600CE609AFE44D992,BIOERA S.P.A.,it,1,2021-12-31,2021-12-31,filings.xbrl.org,2026-09-05T23:33:40.888384+00:00
815600CEF28BF58C1651,EUKEDOS S.P.A.,it,5,2022-12-31,2025-12-31,filings.xbrl.org,2026-09-05T23:33:40.888384+00:00
815600CF5C54AA9C0721,EQUITA GROUP S.P.A.,it,3,2021-12-31,2023-12-31,filings.xbrl.org,2026-09-05T23:33:40.888384+00:00
815600CF7B5169BBF109,GAS PLUS S.P.A.,it,4,2021-12-31,2024-12-31,filings.xbrl.org,2026-09-05T23:33:40.888384+00:00
815600CF8C0389D0E272,IMMOBILIARE GRANDE DISTRIBUZIONE SOCIETA' DI INVESTIMENTO IMMOBIL IARE QUOTATA S.P.A. IN FORMA ABBREVIATA IGD SIIQ S.P.A.,it,6,2021-12-31,2024-12-31,filings.xbrl.org,2026-09-05T23:33:40.888384+00:00
815600D2F3EFE8C1F084,NETWEEK S.P.A.,it,3,2021-12-31,2023-12-31,filings.xbrl.org,2026-09-05T23:33:40.888384+00:00
815600D3D12A6EAC9004,CALTAGIRONE EDITORE SOCIETA' PER AZIONI,it,4,2021-12-31,2024-12-31,filings.xbrl.org,2026-09-05T23:33:40.888384+00:00
815600D3E9B19E14FC79,PIQUADRO S.P.A.,it,1,2022-03-31,2022-03-31,filings.xbrl.org,2026-09-05T23:33:40.888384+00:00
815600D581F8552C4F54,DIGITAL BROS S.P.A.,it,5,2022-06-30,2025-06-30,filings.xbrl.org,2026-09-05T23:33:40.888384+00:00
815600D85A61200A1B83,MAIRE S.P.A.,it,5,2021-12-31,2025-12-31,filings.xbrl.org,2026-09-05T23:33:40.888384+00:00
815600D87CFDAE412862,RIZZOLI CORRIERE DELLA SERA MEDIAGROUP SPA O IN FORMA ABBREVIATA RCS MEDIAGROUP SPA O RCS S.P.A.,it,4,2021-12-31,2024-12-31,filings.xbrl.org,2026-09-05T23:33:40.888384+00:00
815600D946B58C2B1D55,FIDIA - S.P.A.,it,1,2023-12-31,2023-12-31,filings.xbrl.org,2026-09-05T23:33:40.888384+00:00
815600DA4FA5A5D4CD58,TOD'S S.P.A.,it,1,2023-12-31,2023-12-31,filings.xbrl.org,2026-09-05T23:33:40.888384+00:00
815600DADF851874C681,B.F. S.P.A.,it,5,2021-12-31,2025-12-31,filings.xbrl.org,2026-09-05T23:33:40.888384+00:00
815600DAEFB0388F3521,REPLY S.P.A.,it,4,2021-12-31,2025-12-31,filings.xbrl.org,2026-09-05T23:33:40.888384+00:00
815600DB65870B3F2A12,SALCEF GROUP S.P.A.,it,3,2021-12-31,2023-12-31,filings.xbrl.org,2026-09-05T23:33:40.888384+00:00
815600DC9FA897709242,SABAF S.P.A.,it,8,2021-12-31,2024-12-31,filings.xbrl.org,2026-09-05T23:33:40.888384+00:00
815600DCA061A9ED8305,PITECO S.P.A.,it,1,2021-12-31,2021-12-31,filings.xbrl.org,2026-09-05T23:33:40.888384+00:00
815600DEEE5337E9A213,SOCIETA' CATTOLICA DI ASSICURAZIONE - SOCIETA' PER AZIONI BREVEMENTE ANCHE CATTOLICA ASSICURAZIONI S.P.A.,it,2,2021-12-31,2021-12-31,filings.xbrl.org,2026-09-05T23:33:40.888384+00:00
815600DFC29A91FF0C71,"ZIGNAGO VETRO S.P.A. CON LA SIGLA ""Z.V. S.P.A.""",it,5,2021-12-31,2025-12-31,filings.xbrl.org,2026-09-05T23:33:40.888384+00:00
815600E31C4E7006AB54,UNIPOLSAI ASSICURAZIONI S.P.A.,it,6,2021-12-31,2023-12-31,filings.xbrl.org,2026-09-05T23:33:40.888384+00:00
815600E4E6DCD2D25E30,BANCO BPM SOCIETA' PER AZIONI,it,4,2021-12-31,2025-12-31,filings.xbrl.org,2026-09-05T23:33:40.888384+00:00
815600E4FE816F540F98,GEFRAN S.P.A.,it,3,2021-12-31,2025-12-31,filings.xbrl.org,2026-09-05T23:33:40.888384+00:00
815600E546497667D288,ITALMOBILIARE SOCIETA' PER AZIONI O IN FORMA ABBREVIATA ITALMOBILIARE SPA,it,6,2021-12-31,2025-12-31,filings.xbrl.org,2026-09-05T23:33:40.888384+00:00
815600E787F3B6565561,LENERGIA S.P.A.,it,5,2021-12-31,2025-12-31,filings.xbrl.org,2026-09-05T23:33:40.888384+00:00
815600E90F75EE920594,"""LU-VE - S.P.A.""",it,3,2023-12-31,2025-12-31,filings.xbrl.org,2026-09-05T23:33:40.888384+00:00
815600EAD78C57FCE690,INFOCAMERE - SOCIETA' CONSORTILE DI INFORMATICA DELLE CAMERE DI COMMERCIO ITALIANE PER AZIONI,it,8,2021-12-31,2023-12-31,filings.xbrl.org,2026-09-05T23:33:40.888384+00:00
815600EB5D56D95BA637,PININFARINA S.P.A.,it,4,2021-12-31,2024-12-31,filings.xbrl.org,2026-09-05T23:33:40.888384+00:00
815600EBD7FB00525B20,MONCLER S.P.A.,it,6,2021-12-31,2025-12-31,filings.xbrl.org,2026-09-05T23:33:40.888384+00:00
815600EE49F8DB9B8491,NEXT RE SIIQ S.P.A.,it,3,2022-12-31,2024-12-31,filings.xbrl.org,2026-09-05T23:33:40.888384+00:00
815600EE82868C20A274,"""SOFTLAB - SOCIETA' PER AZIONI"" IN BREVE ""SOFTLAB S.P.A.""",it,4,2021-12-31,2025-12-31,filings.xbrl.org,2026-09-05T23:33:40.888384+00:00
815600EED4C522727110,NET INSURANCE S.P.A.,it,1,2022-12-31,2022-12-31,filings.xbrl.org,2026-09-05T23:33:40.888384+00:00
815600F231566A38BC43,ELICA S.P.A.,it,4,2022-12-31,2025-12-31,filings.xbrl.org,2026-09-05T23:33:40.888384+00:00
815600F25FF44EF1FA76,ITALGAS S.P.A.,it,9,2021-12-31,2025-12-31,filings.xbrl.org,2026-09-05T23:33:40.888384+00:00
815600F40754716D2D91,FERRETTI S.P.A.,it,2,2023-12-31,2024-12-31,filings.xbrl.org,2026-09-05T23:33:40.888384+00:00
815600F4A5F5D3BCD688,ITALIAN EXHIBITION GROUP S.P.A.,it,5,2021-12-31,2025-12-31,filings.xbrl.org,2026-09-05T23:33:40.888384+00:00
815600F8217BC7733697,PHARMANUTRA S.P.A.,it,5,2021-12-31,2025-12-31,filings.xbrl.org,2026-09-05T23:33:40.888384+00:00
815600F910BDB1C1EC14,GIGLIO GROUP S.P.A.,it,3,2021-12-31,2022-12-31,filings.xbrl.org,2026-09-05T23:33:40.888384+00:00
815600FA7D9BAD18E930,ACINQUE S.P.A.,it,2,2024-12-31,2025-12-31,filings.xbrl.org,2026-09-05T23:33:40.888384+00:00
815600FBF92FD3531704,RECORDATI INDUSTRIA CHIMICA E FARMACEUTICA S.P.A. IN BREVE RECORDATI S.P.A.,it,9,2021-12-31,2025-12-31,filings.xbrl.org,2026-09-05T23:33:40.888384+00:00
815600FD458593DC6962,TRIBOO S.P.A.,it,3,2021-12-31,2023-12-31,filings.xbrl.org,2026-09-05T23:33:40.888384+00:00
815600FDE04504053372,BEEWIZE S.P.A.,it,3,2021-12-31,2024-12-31,filings.xbrl.org,2026-09-05T23:33:40.888384+00:00
815600FE9E92D9D6C309,TREVI - FINANZIARIA INDUSTRIALE S.P.A.,it,5,2021-12-31,2025-12-31,filings.xbrl.org,2026-09-05T23:33:40.888384+00:00
984500EABB1DC7902E40,ALTEA GREEN POWER S.P.A.,it,1,2024-12-31,2024-12-31,filings.xbrl.org,2026-09-05T23:33:40.888384+00:00
BUCRF72VH5RBN7X3VL35,ENI S.P.A.,it,5,2021-12-31,2025-12-31,filings.xbrl.org,2026-09-05T23:33:40.888384+00:00
F1T87K3OQ2OV1UORLH26,Banca Carige S.P.A.,it,1,2021-12-31,2021-12-31,filings.xbrl.org,2026-09-05T23:33:40.888384+00:00
J48C8PCSJVUBR8KCW529,BANCA POPOLARE DI SONDRIO SOCIETA' PER AZIONI,it,5,2021-12-31,2025-12-31,filings.xbrl.org,2026-09-05T23:33:40.888384+00:00
J4CP7MHCXR8DAQMKIL78,BANCA MONTE DEI PASCHI DI SIENA S.P.A.,it,9,2021-12-31,2025-12-31,filings.xbrl.org,2026-09-05T23:33:40.888384+00:00
N747OI7JINV7RUUH6190,BPER BANCA S.P.A.,it,3,2021-12-31,2024-12-31,filings.xbrl.org,2026-09-05T23:33:40.888384+00:00
NNVPP80YIZGEY2314M97,ICCREA BANCA SPA - ISTITUTO CENTRALE DEL CREDITO COOPERATIVO E PIU' BREVEMENTE ICCREA BANCA SPA,it,1,2021-12-31,2021-12-31,filings.xbrl.org,2026-09-05T23:33:40.888384+00:00
PSNL19R2RXX5U3QWHI44,MEDIOBANCA - BANCA DI CREDITO FINANZIARIO S.P.A.,it,6,2022-06-30,2025-12-31,filings.xbrl.org,2026-09-05T23:33:40.888384+00:00
RRAN7P32P0W0YY4XQW79,BANCA PROFILO S.P.A.,it,2,2024-12-31,2025-12-31,filings.xbrl.org,2026-09-05T23:33:40.888384+00:00
RY3KI4Q2655O2GIL8D68,BANCA INVESTIS S.P.A.,it,1,2021-12-31,2021-12-31,filings.xbrl.org,2026-09-05T23:33:40.888384+00:00
WOCMU6HCI0OJWNPRZS33,ENEL - SPA,it,8,2021-12-31,2024-12-31,filings.xbrl.org,2026-09-05T23:33:40.888384+00:00
ZYXJDNVM2JI3VBM8G556,AMPLIFON S.P.A.,it,3,2022-12-31,2025-12-31,filings.xbrl.org,2026-09-05T23:33:40.888384+00:00
